{
  "process": "GC_BATCH",
  "apis": {"REGISTER": 8,
 "SUSPEND": 8,
 "RESUME": 8,
 "REMOVE": 8,
 "PURCHASE_EXTRA_PASS": 8
  },
  "mysql_db_config": {
    "host": "192.168.1.231",
    "user": "root",
    "database":"iotsmp_staging",
    "password":"Ttpl@123",
    "port":"3306"
  },
  "influx_db_config": {
    "host": "http://127.0.0.1:8086",
    "database": "matrics",
    "measurment": "gc_batch_process",
    "dev_unknown_error_measurement": "gc_batch_unknown_error"
  },
  "log_file_base_path": "/home/preeti.burad/bot_satan_logs/",
  "log_file_name": "gc_batch_logs.log",
  "text_match_log_file": "text_match_data_gc_batch.csv",
  "query_stage_1": "select\n           batch_job_type_api_name_mapping.api_name as \"JOB TYPE ALIAS\",\n           batch_job_type_api_name_mapping.api_name as \"JOB TYPE\",\n       SUM(CASE\n             WHEN STATUS='COMPLETED' THEN 1 \n             ELSE 0\n           END) AS success_count,\n SUM(CASE\n             WHEN  STATUS='Failed' THEN 1\n             ELSE 0\n           END) AS fail_count,\n\n count(*) as total\n from gc_batch_job_details\n join batch_job_type_api_name_mapping\n  on batch_job_type_api_name_mapping.job_type = gc_batch_job_details.JOB_TYPE\n where  CREATE_DATE BETWEEN FROM_UNIXTIME({lower_time}) AND FROM_UNIXTIME({current_time})\n group by gc_batch_job_details.JOB_TYPE;",
  "query_stage_2": "SELECT  batch_job_type_api_name_mapping.api_name, batch_job_type_api_name_mapping.api_name as \"JOB_ALIAS\",\ngc_notification_details.DETAIL, COUNT(gc_notification_details.DETAIL), gc_notification_details.DETAIL as \"Detail Alias\"\nfrom gc_batch_job_details\nleft join gc_notification_details\non gc_batch_job_details.REQUEST_ID = gc_notification_details.REQUEST_ID\njoin batch_job_type_api_name_mapping\n  on batch_job_type_api_name_mapping.job_type = gc_batch_job_details.JOB_TYPE\n where  gc_batch_job_details.CREATE_DATE BETWEEN FROM_UNIXTIME({lower_time}) AND FROM_UNIXTIME({current_time})\n and gc_batch_job_details.STATUS='failed'\n  and batch_job_type_api_name_mapping.api_name = '{api}'\n group by gc_batch_job_details.JOB_TYPE;",
  "lower_time": "1639377016",
  "current_time": "1639981816",
  "grafana_dashboards": {
    "error_percent_dashboard": "http://192.168.1.99:3000/d/Z4jXv6h7z/gc-batch-jobs?orgId=1&from={lower_time}000&to={current_time}000",
    "error_details_dashboard": "http://192.168.1.99:3000/d/cgrB5e2nz/gc-batch-job-error-details?orgId=1&from={lower_time}000&to={current_time}000",
    "dashboard_text_message": "ALERT!!!!\nMonitoring Bot has figured out more failures on {api} API  under {process} Process in Last 1 hour.\n Errors responsible for this alerts are - \n {errors}.\n To see more go through  \n Error Details Dashboard -  {error_details_dashboard} and \n Error Percent Dashboard - {error_percent_dashboard}",
    "webhook_url": "https://globetouch1.webhook.office.com/webhookb2/14246241-ddd8-4c60-a880-01de89269d88@c56adddc-8415-4908-a6a8-0ada795e0a9d/IncomingWebhook/f1b07c12ec8348fe8e78c4acaffbca1d/149a3ac7-049f-4937-9223-9093ba97924c",
    "unknown_webhook_url": "https://globetouch1.webhook.office.com/webhookb2/14246241-ddd8-4c60-a880-01de89269d88@c56adddc-8415-4908-a6a8-0ada795e0a9d/IncomingWebhook/f1b07c12ec8348fe8e78c4acaffbca1d/149a3ac7-049f-4937-9223-9093ba97924c"
  }
}
