{
  "process": "GC",
  "apis": {"Attach Data Plan to Device\n": 8,
 "Change Device State": 8,
 "Change Password for Api User": 8,
 "ChangeSimGroups": 8,
 "ConsumedUsage": 8,
 "CreateSimsByOrderID": 8,
 "DeleteBan": 8,
 "Device Session History": 8,
 "Device Session Info": 8,
 "DeviceAttachDevicePlan": 8,
 "GcApi Auth": 8,
 "Get Account by Id": 8,
 "Get Attached Data Plan by Device ID": 8,
 "Get Data Usage": 8,
 "Get Device - Daimler": 8,
 "Get Device List": 8,
 "Get Device State - Hongdian": 8,
 "Get SIM": 8,
 "Get SIM State": 8,
 "Get device data usage New": 8,
 "Get eUICC Profile Status": 8,
 "GetAllSims": 8,
 "GetAllSimsByOrderID": 8,
 "GetDataPlans": 8,
 "GetDeviceByMsisdn": 8,
 "GetSmsUsagesByAccount": 8,
 "GetSmsUsagesSummary": 8,
 "GetVoiceUsagesByAccount": 8,
 "GetVoiceUsagesSummary": 8,
 "Ping": 8,
 "QueryExitingSubscrition": 8,
 "Replace Hardware-GM": 8,
 "SMSUsageSummary": 8,
 "Send SMS": 8,
 "Session wise data usage": 8,
 "Set eUICC Profile State": 8,
 "Sim Activation Trend": 8,
 "Sim Audit History": 8,
 "Sim Downlink usage": 8,
 "Sim List": 8,
 "Sim Rate Plan": 8,
 "Sim Uplink usage": 8,
 "Sim data session count": 8,
 "Switch Profile-GM": 8,
 "SwitchProfile": 8,
 "TagManagement": 8,
 "UnitConsumeSim": 8,
 "Update Device Settings": 8,
 "Update IMEI": 8,
 "Update Rating Profile": 8,
 "Update Sim Alias": 8,
 "Update Vehicle Identification Number": 8,
 "UsageSummary": 8,
 "VoiceUsageSummary": 8,
 "external api update device": 8
  },
  "mysql_db_config": {
    "host": "192.168.1.231",
    "user": "root",
    "database":"iotsmp_staging",
    "password":"Ttpl@123",
    "port":"3306"
  },
  "influx_db_config": {
    "host": "http://127.0.0.1:8086",
    "database": "matrics",
    "measurment": "gc_process",
    "dev_unknown_error_measurement": "gc_unknown_error"
  },
  "log_file_base_path": "/home/preeti.burad/bot_satan_logs/",
  "log_file_name": "gc_logs.log",
  "text_match_log_file": "text_match_data_gc.csv",
  "query_stage_1": "select\n           API_NAME as \"API\",\n           API_NAME as \"API Alias\",\n       SUM(CASE \n             WHEN RESULT='success' THEN 1 --  or value  like '%200%'  \n             ELSE 0\n           END) AS success_count,\n SUM(CASE \n             WHEN  RESULT='Failed' THEN 1\n             ELSE 0\n           END) AS fail_count,\n\n count(*) as total\n from auditlog_api_transaction\n where  CREATE_DATE BETWEEN FROM_UNIXTIME({lower_time}) AND FROM_UNIXTIME({current_time})\n group by API_ID",
  "query_stage_2": "SELECT API_NAME as 'API', API_NAME AS 'API ALIAS', MESSAGE AS 'ERROR',count(MESSAGE) AS 'COUNT', MESSAGE \nfrom auditlog_api_transaction\nwhere CREATE_DATE BETWEEN FROM_UNIXTIME({lower_time}) AND FROM_UNIXTIME({current_time})\nand API_NAME = '{api}'\nand result='failed'\ngroup by MESSAGE",
  "lower_time": "1634472180",
  "current_time": "1639742580",
  "grafana_dashboards": {
    "error_percent_dashboard": "http://192.168.1.99:3000/d/eaP_e3hnz/gc-external-api-error-details?orgId=1&from={lower_time}000&to={current_time}000",
    "error_details_dashboard": "http://192.168.1.99:3000/d/mAUF63hnz/gc-external-api?orgId=1&from={lower_time}000&to={current_time}000",
    "dashboard_text_message": "ALERT!!!!\nMonitoring Bot has figured out more failures on {api} API  under {process} Process in Last 1 hour.\n Errors responsible for this alerts are - \n {errors}.\n To see more go through  \n Error Details Dashboard -  {error_details_dashboard} and \n Error Percent Dashboard - {error_percent_dashboard}",
    "webhook_url": "https://globetouch1.webhook.office.com/webhookb2/14246241-ddd8-4c60-a880-01de89269d88@c56adddc-8415-4908-a6a8-0ada795e0a9d/IncomingWebhook/f1b07c12ec8348fe8e78c4acaffbca1d/149a3ac7-049f-4937-9223-9093ba97924c",
    "unknown_webhook_url": "https://globetouch1.webhook.office.com/webhookb2/14246241-ddd8-4c60-a880-01de89269d88@c56adddc-8415-4908-a6a8-0ada795e0a9d/IncomingWebhook/f1b07c12ec8348fe8e78c4acaffbca1d/149a3ac7-049f-4937-9223-9093ba97924c"
  }
}
