{
  "process": "OL_NB_GMI",
  "apis": {
	"API Transaction-Cumulative": 8,
	"Update Subscriber": 8,
	"Update Sim Profile": 8,
	"Update Device Setting": 8,
	"Onboard Subscriber": 8 ,
	"Offboard Subscriber": 8,
	"Hardware Replacement": 8,
	"Get Available Offers": 8 ,
	"Get Subscriber Order": 8,
        "Add Order": 8,
        "Cancel Order": 8
  },
  "mysql_db_config": {
    "host": "10.223.69.150",
    "user": "grafana_gmi",
    "database":"gmonstar_orchestration_1_8",
    "password":"Aqadmin@123",
    "port":"3306"
  },
  "influx_db_config": {
    "host": "http://127.0.0.1:8086",
    "database": "matrics",
    "measurment": "gmi_timeout_error",
    "dev_unknown_error_measurement": "gmi_unknown_error"
  },
  "log_file_base_path": "/home/gcadmin/bot_satan_logs/",
  "log_file_name": "nb_gmi_logs.log",
  "text_match_log_file": "text_match_data_nb_gmi.csv",
  "query_stage_1": "CALL `sp_mnd_get_api_success_failure_count`({lower_time}, {current_time});",
  "query_stage_2": "SELECT\n'{api}' as \"API\",\n'{api}' as \"API Alias\",\nif(value like \"%esponseDescription%\",\nsubstring_index(substring_index(replace(value,'\"',''),'esponseDescription:',-1),',',1),\nsubstring_index(substring_index(value,'Response Message:[',-1),'],RequestBody: ',1))  as \"Distinct Error Text \",\ncount(*) as count,\nif(value like \"%responseDescription%\",\n substring_index(substring_index(value,'\"responseDescription\":',-1),'\"requestID\"',1),\n substring_index(substring_index(value,'Response Message:[',-1),'],RequestBody: ',1))  as \"Error Detail\"\nFROM audit_log\nwhere log_time >= {lower_time} AND log_time <= {current_time}\nand tracking_message_header in (select tracking_message_header from audit_log where parent_api_name =  replace('{api}',\" \",\"\") and log_time >= {lower_time} AND log_time <= {current_time})\nand audit_log.name like \"%End Node API%\"\nand (audit_log.is_successful= 0 )\ngroup by tracking_message_header",
  "lower_time": "1641032011",
  "current_time": "1643628256",
  "grafana_dashboards": {
    "error_percent_dashboard": "https://grafana.airlinq.com:3000/d/Mb2LTAjGz/ol-nb?orgId=4&from={lower_time}000&to={current_time}000",
    "error_details_dashboard": "https://grafana.airlinq.com:3000/d/JjhpH6CGk/ol-nb-detail?orgId=4&var-API={api}&from={lower_time}000&to={current_time}000",
    "dashboard_text_message": "ALERT!!!!\nMonitoring Bot has figured out more failures on {api} API  under {process} Process in Last 1 hour.\n Errors responsible for this alerts are - \n {errors}.\n To see more go through  \n Error Details Dashboard -  {error_details_dashboard} and \n Error Percent Dashboard - {error_percent_dashboard}",
    "webhook_url": "https://globetouch1.webhook.office.com/webhookb2/8ae55c50-187d-4fb8-97d8-1763b682d1c7@c56adddc-8415-4908-a6a8-0ada795e0a9d/IncomingWebhook/24371c787db24d3781a4005a6e2916a2/1d1a1255-c1e9-48b4-91d2-54e8e43b5402",
    "unknown_webhook_url": "https://globetouch1.webhook.office.com/webhookb2/8ae55c50-187d-4fb8-97d8-1763b682d1c7@c56adddc-8415-4908-a6a8-0ada795e0a9d/IncomingWebhook/987ec3be3f474e619c4d1977a547762d/1d1a1255-c1e9-48b4-91d2-54e8e43b5402"
  }
}