{
  "process": "NB",
  "apis": {
    "Add Order": 4,
    "Onboard Subscriber": 4,
    "Get Subscriber Order": 2,
    "Hardware Replacement": 8,
    "Cancel Order": 8,
    "Offboard Subscriber": 8,
    "Update Sim Profile": 8,
    "Update Subscriber": 8,
    "Update Device Setting": 8
  },
  "mysql_db_config": {
    "host": "10.221.69.42",
    "user": "grafna",
    "database":"gmsa_orchestration_claro_nb",
    "password":"Grafna32!",
    "port":"3306"
  },
  "influx_db_config": {
    "host": "http://127.0.0.1:8086",
    "database": "matrics",
    "measurment": "nb_timeout_error",
    "dev_unknown_error_measurement": "nb_unknown_error"
  },
  "log_file_base_path": "/home/gcadmin/bot_satan_logs/",
  "log_file_name": "nb_logs.log",
  "text_match_log_file": "text_match_data_nb.csv",
  "query_stage_1": "CALL `gmsa_orchestration_claro_nb`.`sp_mnd_get_api_success_failure_count`({lower_time},{current_time})",
  "query_stage_2": "SELECT\n'{api}' as \"API\",\n'{api}' as \"API Alias\",\n value as \"Error Detail\",\ncount(*) as count,\nif(value like \"%responseDescription%\",\n substring_index(substring_index(value,'\"responseDescription\":',-1),'\"requestID\"',1),\n substring_index(substring_index(value,'Response Message:[',-1),'],RequestBody: ',1)) as \"Error Value\"\nFROM audit_log\nwhere  log_time >= {lower_time} AND log_time <= {current_time}\nand tracking_message_header in (select tracking_message_header from audit_log where parent_api_name =  replace('{api}',\" \",\"\") and log_time >= {lower_time} AND log_time <= {current_time})\nand audit_log.name like \"%End Node API%\"\nand (audit_log.is_successful= 0  )\ngroup by if(value like \"%responseDescription%\",\n substring_index(substring_index(value,'\"responseDescription\":',-1),'\"requestID\"',1),\n substring_index(substring_index(value,'Response Message:[',-1),'],RequestBody: ',1))",
  "lower_time": "",
  "current_time": "",
  "grafana_dashboards": {
    "error_percent_dashboard": "https://grafana.airlinq.com:3000/d/Mb2LTAjGz/ol-nb?orgId=6&from={lower_time}000&to={current_time}000",
    "error_details_dashboard": "https://grafana.airlinq.com:3000/d/JjhpH6CGk/ol-nb-detail?orgId=6&var-API={api}&from={lower_time}000&to={current_time}000",
    "dashboard_text_message": "ALERT!!!!\nMonitoring Bot has figured out more failures on {api} API  under {process} Process in Last 1 hour.\n Errors responsible for this alerts are - \n {errors}.\n To see more go through  \n Error Details Dashboard -  {error_details_dashboard} and \n Error Percent Dashboard - {error_percent_dashboard}",
    "webhook_url": "https://globetouch1.webhook.office.com/webhookb2/09ad3ce3-bd62-42c1-801a-0f32ae9116e2@c56adddc-8415-4908-a6a8-0ada795e0a9d/IncomingWebhook/cdd60c1436c34bc087b71ef456c44b5f/149a3ac7-049f-4937-9223-9093ba97924c",
    "unknown_webhook_url": "https://globetouch1.webhook.office.com/webhookb2/09ad3ce3-bd62-42c1-801a-0f32ae9116e2@c56adddc-8415-4908-a6a8-0ada795e0a9d/IncomingWebhook/f8d6b84dc7ef4665aca1b4710565b4d3/149a3ac7-049f-4937-9223-9093ba97924c"
  }
}
