{
  "process": "process_1",
  "apis": {
    "Add Order": 8,
    "Onboard Subscriber": 4,
    "Get Subscriber Order": 2
  },
  "mysql_db_config": {
    "host": "127.0.0.1",
    "user": "root",
    "database":"remote_bkup",
    "password":"pass",
    "port":"3306"
  },
  "influx_db_config": {
    "host": "http://127.0.0.1:8086",
    "database": "matrics",
    "measurment": "nb_timeout_error"
  },
  "log_file_base_path": "/home/amandeep/bot_satan_logs/",
  "log_file_name": "nb_logs.log",
  "text_match_log_file": "text_match_sample.csv",
  "query_stage_1": "select distinct \"Add Order\" as 'a', \"\" as 'b', 1 as 'ok_count', 20 as 'not_ok_count', 21 as 'total_count' from dual;",
  "query_stage_2": "select * from add_order_api_error;",
  "lower_time": "epoch_time_if_testing_else_None",
  "current_time": "epoch_time_if_testing_else_None"

}

