{
  "process": "SB",
  "apis": {
    "delete Profile esim": 4,
    "buy product amx": 4,
    "Cancel Product": 4,
    "updateSubscriptionadress": 4,
    "get internet balance": 4,
    "createuser": 4,
    "sim unprovisioning": 4,
    "update user amx": 4,
    "sim provisioning": 4,
    "delete user": 4,
    "set fall back attribute": 4,
    "download profile esim": 4,
    "enable profie esim": 4,
    "change Plan": 4,
    "buy product pgo": 4
  },
  "mysql_db_config": {
    "host": "10.221.69.42", 
    "user": "grafna",
    "database":"claro_interface_gmsa",
    "password":"Grafna32!",
    "port":"3306"
  },
  "influx_db_config": {
    "host": "http://127.0.0.1:8086",
    "database": "matrics",
    "measurment": "sb_timeout_error",
    "dev_unknown_error_measurement": "sb_unknown_error"
  },
  "log_file_base_path": "/home/gcadmin/bot_satan_logs/",
  "log_file_name": "sb_logs.log",
  "text_match_log_file": "text_match_data_sb.csv",
  "query_stage_1": "SELECT api_name, api_name as \"alias\", success_count, fail_count , (fail_count + success_count) as \"total_count\"\n-- now() as time_sec\nfrom\n(\n SELECT\n api_name,\n SUM(CASE\n WHEN t.is_successful= 0 or message != 0 THEN 1\n ELSE 0\n END) AS fail_count,\n SUM(CASE\n WHEN t.is_successful= 1 and message = 0 THEN 1\n ELSE 0\n END) AS success_count\nfrom\n(\nselect audit_log.*, api.name as api_name from\n(SELECT audit_log.is_successful, \naudit_log.message,audit_log.id, api_id\nFROM audit_log\nwhere log_time >= {lower_time} AND log_time <= {current_time} )audit_log\ninner join\n (select * from audit_log_details where\n audit_log_details.name = \"End Node API Response\"\n and audit_log_details.log_time >= {lower_time} AND audit_log_details.log_time <= {current_time}\ngroup by audit_log_details.audit_log_id)audit_log_details\n on audit_log.id = audit_log_details.audit_log_id\n left join api\n on audit_log.api_id = api.id)t\ngroup by t.api_name)query",
  "query_stage_2": "SELECT\n'{api}' as \"API\",\n'{api}' as \"API Alias\",\naudit_log_details.value as \"Error Detail\",\ncount(*) as count,\nif(audit_log_details.value like \"%resultMessage%\",substring_index(substring_index(value,'\"resultMessage\": \"',-1),'\"correlatorId\"',1),audit_log_details.value) as \"Error Value\"\n FROM\n (SELECT audit_log.is_successful,\naudit_log.message,audit_log.id, api_group_id,api_id,audit_log.state_id,audit_log.tracking_message_header\nFROM audit_log\nwhere  log_time >= {lower_time} AND log_time <= {current_time} )audit_log\ninner join\n audit_log_details\n on audit_log.id = audit_log_details.audit_log_id\n left join api_group\n on audit_log.api_group_id = api_group.id\n  left join api\n on audit_log.api_id = api.id\n left join state\n on audit_log.state_id = state.id\n where\n api.name = '{api}' and\n audit_log_details.name = \"End Node API Response\"\n and audit_log_details.log_time >= {lower_time} AND audit_log_details.log_time <= {current_time}\nand (audit_log.is_successful= 0 or  audit_log.message !=0 )\ngroup by if(audit_log_details.value like \"%resultMessage%\",\nsubstring_index(substring_index(value,'\"resultMessage\": \"',-1),'\"correlatorId\"',1),\naudit_log_details.value);",
  "lower_time": "",
  "current_time": "",
  "grafana_dashboards": {
    "error_percent_dashboard": "https://grafana.airlinq.com:3000/d/oNl3zGlMz/ol-sb?orgId=6&from={lower_time}000&to={current_time}000",
    "error_details_dashboard": "https://grafana.airlinq.com:3000/d/Npg9iG_Mz/ol-sb-detail?orgId=6&var-API={api}&from={lower_time}000&to={current_time}000",
    "dashboard_text_message": "ALERT!!!!\nMonitoring Bot has figured out more failures on {api} API  under {process} Process in Last 1 hour.\n Errors responsible for this alerts are - \n {errors}.\n To see more go through  \n Error Details Dashboard -  {error_details_dashboard} and \n Error Percent Dashboard - {error_percent_dashboard}",
    "webhook_url": "https://globetouch1.webhook.office.com/webhookb2/09ad3ce3-bd62-42c1-801a-0f32ae9116e2@c56adddc-8415-4908-a6a8-0ada795e0a9d/IncomingWebhook/64cd896669344d549835e93146f6269e/149a3ac7-049f-4937-9223-9093ba97924c",
    "unknown_webhook_url": "https://globetouch1.webhook.office.com/webhookb2/09ad3ce3-bd62-42c1-801a-0f32ae9116e2@c56adddc-8415-4908-a6a8-0ada795e0a9d/IncomingWebhook/f8d6b84dc7ef4665aca1b4710565b4d3/149a3ac7-049f-4937-9223-9093ba97924c"
  }
}
