{
  "process": "Donor_Wise_Traffic",
  "apis": {
    "JT": 4,
    "P4": 4,
    "GTSE": 4
  },
  "mysql_db_config": {
    "host": "10.221.86.35",
    "user": "root",
    "database":"donor_wise_traffic",
    "password":"Ttpl@123",
    "port":"3307"
  },
  "influx_db_config": {
    "host": "http://127.0.0.1:8086",
    "database": "matrics",
    "measurment": "donor_wise_traffic_alerts",
    "dev_unknown_error_measurement": "dev_donor_wise_traffic_unknown"
  },
  "log_file_base_path": "/home/gcadmin/bot_satan_logs/",
  "log_file_name": "donor_wise_traffic.log",
  "text_match_log_file": "donor_wise_traffic.csv",
  "query_stage_1": "",
  "query_stage_2": "",
  "lower_time": "",
  "current_time": "",

  "grafana_dashboards": {
    "error_percent_dashboard": "https://grafana.airlinq.com:3000/d/Mb2LTAjGz/ol-nb?orgId=6&from={lower_time}000&to={current_time}000",
    "error_details_dashboard": "https://grafana.airlinq.com:3000/d/JjhpH6CGk/ol-nb-detail?orgId=6&var-API={api}&from={lower_time}000&to={current_time}000",
    "dashboard_text_message": "ALERT!!!!\nMonitoring Bot has figured out more failures on {api} API  under {process} Process in Last 1 hour.\n Errors responsible for this alerts are - \n {errors}.\n To see more go through  \n Error Details Dashboard -  {error_details_dashboard} and \n Error Percent Dashboard - {error_percent_dashboard}",
    "webhook_url": "https://globetouch1.webhook.office.com/webhookb2/14246241-ddd8-4c60-a880-01de89269d88@c56adddc-8415-4908-a6a8-0ada795e0a9d/IncomingWebhook/f1b07c12ec8348fe8e78c4acaffbca1d/149a3ac7-049f-4937-9223-9093ba97924c",
    "unknown_webhook_url": "https://globetouch1.webhook.office.com/webhookb2/14246241-ddd8-4c60-a880-01de89269d88@c56adddc-8415-4908-a6a8-0ada795e0a9d/IncomingWebhook/f1b07c12ec8348fe8e78c4acaffbca1d/149a3ac7-049f-4937-9223-9093ba97924c"
  },
  "process_kwargs": {
    "max_depth_check": 1,
    "on_total_threshold": 0,
    "on_error_percent_threshold": 0
  }
}
