{
  "process": "Notification",
  "apis": {
    "notifyUserLimitExceedResponse": 2,
    "dataUsageThresholdMet": 2,
    "orderExpired": 2,
    "MeToDoNotification": 2
  },
  "mysql_db_config": {
    "host": "10.221.69.42", 
    "user": "grafna",
    "database":"claro_interface_gmsa",
    "password":"Grafna32!",
    "port":"3306"
  },
  "influx_db_config": {
    "host": "http://127.0.0.1:8086",
    "database": "matrics",
    "measurment": "notification_timeout_error",
    "dev_unknown_error_measurement": "notification_unknown_error"
  },
  "log_file_base_path": "/home/gcadmin/bot_satan_logs/",
  "log_file_name": "metodo.log",
  "text_match_log_file": "metodo.csv",
  "query_stage_1": " select\n           \"MeToDoNotification\" as api,\n           \"MeToDoNotification\" as api_alias,\n       SUM(CASE\n             WHEN code = '0' THEN 1\n             ELSE 0\n           END) AS success_count,\n        SUM(CASE\n             WHEN code != '0' THEN 1\n             ELSE 0\n           END) AS fail_count,\n    count(*) as total\n     from\n(\nselect\nsubstring_index(substring_index(value,\"|\",11),\"|\",-1) as \"code\"\n from gmsa_orchestration_claro_nb.audit_log\nwhere\napi_id = 74\nand message like \"%rout/addOrderPgo%\"\n and log_time >= {lower_time} AND log_time <= {current_time}\n group by tracking_message_header\n)t;",
  "query_stage_2": "select q.api, q.api as api_alias, q.error, q.count, q.error as error_small\nfrom\n(select\n   \"MeToDoNotification\" as api,\n    concat(substring_index(substring_index(value,\"|\",11),\"|\",-1),\"-\",substring_index(substring_index(value,\"|\",13),\"|\",-1)) as \"error\",\n    count(1) as count\nfrom (select *\n from gmsa_orchestration_claro_nb.audit_log\nwhere\napi_id = 74\nand substring_index(substring_index(value,\"|\",11),\"|\",-1) != '0'\nand message like \"%rout/addOrderPgo%\"\nand log_time >= {lower_time} AND log_time <= {current_time}\ngroup by tracking_message_header) t\n group by error) q",
  "lower_time": "",
  "current_time": "",
  "grafana_dashboards": {
    "error_percent_dashboard": "https://grafana.airlinq.com:3000/d/Mb2LTAjGz/ol-nb?orgId=6&from={lower_time}000&to={current_time}000",
    "error_details_dashboard": "https://grafana.airlinq.com:3000/d/dUN8FiZ7z/notification-detail?orgId=6&from={lower_time}000&to={current_time}000",
    "dashboard_text_message": "ALERT!!!!\nMonitoring Bot has figured out more failures on {api} API  under {process} Process in Last 1 hour.\n Errors responsible for this alerts are - \n {errors}.\n To see more go through  \n Error Details Dashboard -  {error_details_dashboard} and \n Error Percent Dashboard - {error_percent_dashboard}",
    "webhook_url": "https://globetouch1.webhook.office.com/webhookb2/09ad3ce3-bd62-42c1-801a-0f32ae9116e2@c56adddc-8415-4908-a6a8-0ada795e0a9d/IncomingWebhook/cdd60c1436c34bc087b71ef456c44b5f/149a3ac7-049f-4937-9223-9093ba97924c",
    "unknown_webhook_url": "https://globetouch1.webhook.office.com/webhookb2/09ad3ce3-bd62-42c1-801a-0f32ae9116e2@c56adddc-8415-4908-a6a8-0ada795e0a9d/IncomingWebhook/f8d6b84dc7ef4665aca1b4710565b4d3/149a3ac7-049f-4937-9223-9093ba97924c"
  }
}
